<?xml version="1.0" encoding="UTF-8"?>
<project-private xmlns="http://www.netbeans.org/ns/project-private/1">
    <editor-bookmarks xmlns="http://www.netbeans.org/ns/editor-bookmarks/2" lastBookmarkId="0"/>
    <open-files xmlns="http://www.netbeans.org/ns/projectui-open-files/2">
        <group>
            <file>file:/C:/Users/mansco/Desktop/LibraryManagementSystem/src/Controller/MemberController.java</file>
            <file>file:/C:/Users/mansco/Desktop/LibraryManagementSystem/src/Model/Member.java</file>
            <file>file:/C:/Users/mansco/Desktop/LibraryManagementSystem/src/Model/Book.java</file>
            <file>file:/C:/Users/mansco/Desktop/LibraryManagementSystem/src/Model/User.java</file>
            <file>file:/C:/Users/mansco/Desktop/LibraryManagementSystem/src/Model/Admin.java</file>
            <file>file:/C:/Users/mansco/Desktop/LibraryManagementSystem/src/Controller/BookController.java</file>
        </group>
    </open-files>
</project-private>
